../at/s1/1.pgm;0
../at/s1/4.pgm;0
../at/s1/7.pgm;0
../at/s1/2.pgm;0
../at/s1/5.pgm;0
../at/s2/1.pgm;1
../at/s2/4.pgm;1
../at/s2/7.pgm;1
../at/s2/2.pgm;1
../at/s2/5.pgm;1
../at/s3/1.pgm;2
../at/s3/4.pgm;2
../at/s3/7.pgm;2
../at/s3/2.pgm;2
../at/s3/5.pgm;2
../at/s4/1.pgm;3
../at/s4/4.pgm;3
../at/s4/7.pgm;3
../at/s4/2.pgm;3
../at/s4/5.pgm;3
../at/s5/1.pgm;4
../at/s5/4.pgm;4
../at/s5/7.pgm;4
../at/s5/2.pgm;4
../at/s5/5.pgm;4
../at/s6/1.pgm;5
../at/s6/4.pgm;5
../at/s6/7.pgm;5
../at/s6/2.pgm;5
../at/s6/5.pgm;5
../at/s7/1.pgm;6
../at/s7/4.pgm;6
../at/s7/7.pgm;6
../at/s7/2.pgm;6
../at/s7/5.pgm;6
../at/s8/1.pgm;7
../at/s8/4.pgm;7
../at/s8/7.pgm;7
../at/s8/2.pgm;7
../at/s8/5.pgm;7
../at/s9/1.pgm;8
../at/s9/4.pgm;8
../at/s9/7.pgm;8
../at/s9/2.pgm;8
../at/s9/5.pgm;8
../at/s10/1.pgm;9
../at/s10/4.pgm;9
../at/s10/7.pgm;9
../at/s10/2.pgm;9
../at/s10/5.pgm;9
../at/s11/1.pgm;10
../at/s11/4.pgm;10
../at/s11/7.pgm;10
../at/s11/2.pgm;10
../at/s11/5.pgm;10
../at/s12/1.pgm;11
../at/s12/4.pgm;11
../at/s12/7.pgm;11
../at/s12/2.pgm;11
../at/s12/5.pgm;11
../at/s13/1.pgm;12
../at/s13/4.pgm;12
../at/s13/7.pgm;12
../at/s13/2.pgm;12
../at/s13/5.pgm;12
../at/s14/1.pgm;13
../at/s14/4.pgm;13
../at/s14/7.pgm;13
../at/s14/2.pgm;13
../at/s14/5.pgm;13
../at/s15/1.pgm;14
../at/s15/4.pgm;14
../at/s15/7.pgm;14
../at/s15/2.pgm;14
../at/s15/5.pgm;14
../at/s16/1.pgm;15
../at/s16/4.pgm;15
../at/s16/7.pgm;15
../at/s16/2.pgm;15
../at/s16/5.pgm;15
../at/s17/1.pgm;16
../at/s17/4.pgm;16
../at/s17/7.pgm;16
../at/s17/2.pgm;16
../at/s17/5.pgm;16
../at/s18/1.pgm;17
../at/s18/4.pgm;17
../at/s18/7.pgm;17
../at/s18/2.pgm;17
../at/s18/5.pgm;17
../at/s19/1.pgm;18
../at/s19/4.pgm;18
../at/s19/7.pgm;18
../at/s19/2.pgm;18
../at/s19/5.pgm;18
../at/s20/1.pgm;19
../at/s20/4.pgm;19
../at/s20/7.pgm;19
../at/s20/2.pgm;19
../at/s20/5.pgm;19
../at/s21/1.pgm;20
../at/s21/4.pgm;20
../at/s21/7.pgm;20
../at/s21/2.pgm;20
../at/s21/5.pgm;20
../at/s22/1.pgm;21
../at/s22/4.pgm;21
../at/s22/7.pgm;21
../at/s22/2.pgm;21
../at/s22/5.pgm;21
../at/s23/1.pgm;22
../at/s23/4.pgm;22
../at/s23/7.pgm;22
../at/s23/2.pgm;22
../at/s23/5.pgm;22
../at/s24/1.pgm;23
../at/s24/4.pgm;23
../at/s24/7.pgm;23
../at/s24/2.pgm;23
../at/s24/5.pgm;23
../at/s25/1.pgm;24
../at/s25/4.pgm;24
../at/s25/7.pgm;24
../at/s25/2.pgm;24
../at/s25/5.pgm;24
../at/s26/1.pgm;25
../at/s26/4.pgm;25
../at/s26/7.pgm;25
../at/s26/2.pgm;25
../at/s26/5.pgm;25
../at/s27/1.pgm;26
../at/s27/4.pgm;26
../at/s27/7.pgm;26
../at/s27/2.pgm;26
../at/s27/5.pgm;26
../at/s28/1.pgm;27
../at/s28/4.pgm;27
../at/s28/7.pgm;27
../at/s28/2.pgm;27
../at/s28/5.pgm;27
../at/s29/1.pgm;28
../at/s29/4.pgm;28
../at/s29/7.pgm;28
../at/s29/2.pgm;28
../at/s29/5.pgm;28
../at/s30/1.pgm;29
../at/s30/4.pgm;29
../at/s30/7.pgm;29
../at/s30/2.pgm;29
../at/s30/5.pgm;29
../at/s31/1.pgm;30
../at/s31/4.pgm;30
../at/s31/7.pgm;30
../at/s31/2.pgm;30
../at/s31/5.pgm;30
../at/s32/1.pgm;31
../at/s32/4.pgm;31
../at/s32/7.pgm;31
../at/s32/2.pgm;31
../at/s32/5.pgm;31
../at/s33/1.pgm;32
../at/s33/4.pgm;32
../at/s33/7.pgm;32
../at/s33/2.pgm;32
../at/s33/5.pgm;32
../at/s34/1.pgm;33
../at/s34/4.pgm;33
../at/s34/7.pgm;33
../at/s34/2.pgm;33
../at/s34/5.pgm;33
../at/s35/1.pgm;34
../at/s35/4.pgm;34
../at/s35/7.pgm;34
../at/s35/2.pgm;34
../at/s35/5.pgm;34
../at/s36/1.pgm;35
../at/s36/4.pgm;35
../at/s36/7.pgm;35
../at/s36/2.pgm;35
../at/s36/5.pgm;35
../at/s37/1.pgm;36
../at/s37/4.pgm;36
../at/s37/7.pgm;36
../at/s37/2.pgm;36
../at/s37/5.pgm;36
../at/s38/1.pgm;37
../at/s38/4.pgm;37
../at/s38/7.pgm;37
../at/s38/2.pgm;37
../at/s38/5.pgm;37
../at/s39/1.pgm;38
../at/s39/4.pgm;38
../at/s39/7.pgm;38
../at/s39/2.pgm;38
../at/s39/5.pgm;38
../at/s40/1.pgm;39
../at/s40/4.pgm;39
../at/s40/7.pgm;39
../at/s40/2.pgm;39
../at/s40/5.pgm;39
